abaissee,
abaisser,
abaisses,
abandons,
abattage,
abattues,
abbesses,
abdiquee,
abdiquer,
abdiques,
abeilles,
abhorree,
abhorrer,
abhorres,
abjectes,
ablatifs,
ablation,
ablution,
abouties,
abrasifs,
abrasive,
abreuvee,
abreuver,
abreuves,
abricots,
abruptes,
abruties,
abscisse,
absences,
absentee,
absenter,
absentes,
absentes,
absolues,
absorbee,
absorber,
absorbes,
absoudre,
abstenir,
abstenue,
abstenus,
abstrait,
absurdes,
abusives,
abyssale,
academie,
accablee,
accabler,
accables,
accentue,
acceptee,
accepter,
acceptes,
accident,
acclamee,
acclamer,
acclames,
accordee,
accorder,
accordes,
accroche,
accroche,
accueils,
acetique,
acharnee,
acharner,
acharnes,
acheteur,
acidulee,
aciduler,
acidules,
acneique,
acolytes,
acomptes,
acquises,
acropole,
activite,
actuelle,
adaptees,
additifs,
addition,
adherent,
adhesion,
adhesive,
adipeuse,
adjacent,
adjectif,
adjointe,
adjoints,
admettre,
adoptees,
adoptifs,
adoption,
adoptive,
adorable,
adoucies,
adressee,
adresser,
adresses,
adresses,
adroites,
adultere,
adverbes,
aeration,
aerienne,
aerogare,
aeronefs,
aeroport,
aerosols,
affaibli,
affairee,
affairer,
affaires,
affaires,
affectee,
affecter,
affectes,
affectif,
affermie,
affermir,
affermis,
affichee,
afficher,
affiches,
affirmee,
affirmer,
affirmes,
affligee,
affliger,
affliges,
affluent,
affolees,
affretee,
affreter,
affretes,
affreuse,
affronts,
affublee,
affubler,
affubles,
agacante,
agacants,
agencees,
aggravee,
aggraver,
aggraves,
agonisee,
agoniser,
agonises,
agrafees,
agrandie,
agrandir,
agrandis,
agressee,
agresser,
agresses,
agressif,
agricole,
agrippee,
agripper,
agrippes,
aguichee,
aguicher,
aguiches,
aiguille,
aiguille,
aimantee,
aimanter,
aimantes,
airelles,
aisances,
ajournee,
ajourner,
ajournes,
ajoutees,
ajustees,
alanguie,
alanguir,
alanguis,
alarmees,
albatros,
alchimie,
alentour,
aliments,
allaitee,
allaiter,
allaites,
allechee,
allecher,
alleches,
alleguee,
alleguer,
allegues,
allemand,
allergie,
alliance,
allongee,
allonger,
allonges,
allouees,
allumage,
allusifs,
allusion,
allusive,
alourdie,
alourdir,
alourdis,
alpaguee,
alpaguer,
alpagues,
alphabet,
alternee,
alterner,
alternes,
altesses,
alveoles,
amadouee,
amadouer,
amadoues,
amaigrie,
amaigrir,
amaigris,
amandier,
amateurs,
ambiance,
ambiante,
ambiants,
ambigues,
ambition,
ambulant,
amenagee,
amenager,
amenages,
amiables,
amnesies,
amochees,
amorcage,
amorcees,
ampoules,
amputees,
amulette,
amusante,
amusants,
amygdale,
analogie,
analogue,
analysee,
analyser,
analyses,
analyses,
anatomie,
ancetres,
ancienne,
ancrages,
aneantie,
aneantir,
aneantis,
anecdote,
anemique,
anemones,
anglaise,
angoisse,
angoisse,
animales,
animiste,
annoncee,
annoncer,
annonces,
annonces,
annotees,
annuaire,
annuelle,
annuites,
annulees,
anoblies,
anodines,
anonymes,
anorexie,
anormale,
anormaux,
antalgie,
antennes,
antichoc,
antilope,
antipode,
antiques,
antivols,
anxietes,
anxieuse,
aoutiens,
apaisees,
apercues,
aperitif,
apeurees,
apitoyee,
apitoyer,
apitoyes,
aplanies,
apologie,
apparats,
appareil,
apparent,
appâtees,
appauvri,
appelees,
apportee,
apporter,
apportes,
apposees,
apprenti,
appretee,
appreter,
appretes,
approche,
approche,
aptitude,
aquarium,
aqueducs,
aqueuses,
arbitree,
arbitrer,
arbitres,
arbitres,
arborees,
archivee,
archiver,
archives,
archives,
arlequin,
armagnac,
armature,
arnaquee,
arnaquer,
arnaques,
arnaques,
arpentee,
arpenter,
arpentes,
arrangee,
arranger,
arranges,
arrieres,
arrimees,
arrivees,
arrondie,
arrondir,
arrondis,
artisans,
arythmie,
asexuees,
asexuels,
asociale,
asociaux,
aspartam,
aspergee,
asperger,
asperges,
asperges,
asphalte,
aspirine,
assainie,
assainir,
assainis,
assassin,
assechee,
assecher,
asseches,
assiegee,
assieger,
assieges,
assiette,
assignee,
assigner,
assignes,
assimile,
assistee,
assister,
assistes,
associee,
associer,
associes,
assoiffe,
assombri,
assommee,
assommer,
assommes,
assortie,
assortir,
assortis,
assoupie,
assoupir,
assoupis,
assouvie,
assouvir,
assouvis,
assumees,
assurees,
assureur,
asticots,
astiquee,
astiquer,
astiques,
atomique,
atomisee,
atomiser,
atomises,
attablee,
attabler,
attables,
attachee,
attacher,
attaches,
attaquee,
attaquer,
attaques,
attaques,
attardee,
attarder,
attardes,
atteinte,
atteints,
attendre,
attendri,
attendue,
attendus,
attentes,
atterrie,
atterrir,
atterris,
attestee,
attester,
attestes,
attirail,
attisees,
attitree,
attitrer,
attitres,
attitude,
attrapee,
attraper,
attrapes,
attribue,
attribut,
aubaines,
auberges,
audibles,
audience,
auditees,
auditeur,
auditifs,
audition,
auditive,
augmente,
aumonier,
aureolee,
aureoler,
aureoles,
autarcie,
autismes,
autistes,
autonome,
autorite,
autruche,
avancees,
avantage,
avarices,
avenante,
avenants,
aventure,
aversion,
averties,
aveuglee,
aveugler,
aveugles,
aveugles,
aviateur,
avicoles,
avortees,
babouche,
babouins,
bacterie,
bafouees,
bagarrer,
bagarres,
bagnards,
bagnoles,
baignade,
balafree,
balafrer,
balafres,
balafres,
balancee,
balancer,
balances,
balances,
balayeur,
baleines,
ballotin,
baluchon,
banlieue,
banquets,
banquier,
banquise,
baptemes,
baptisee,
baptiser,
baptises,
barbares,
barbarie,
barbecue,
barbelee,
barbeles,
barbiers,
barbotee,
barboter,
barbotes,
bariolee,
barioler,
barioles,
basculee,
basculer,
bascules,
basiques,
bassinee,
bassiner,
bassines,
bassines,
bataille,
bâtiment,
bâtonnet,
battante,
battants,
batterie,
batteurs,
batteuse,
baudrier,
bavarder,
bavardes,
bavettes,
baveuses,
bazardee,
bazarder,
bazardes,
beaucoup,
beaufort,
beignets,
belettes,
benefice,
benevole,
benignes,
benitier,
berceaux,
berceuse,
bestiale,
bestiaux,
bestiole,
betisier,
beurrage,
biaisees,
bienfait,
bienvenu,
bigoudis,
bilingue,
binaires,
biologie,
biomasse,
biscotte,
biscuits,
biseaute,
bisexuee,
bisexuel,
bisexues,
bistouri,
bivouacs,
bizarres,
bizutage,
blafarde,
blafards,
blaireau,
blanches,
blanchie,
blanchir,
blanchis,
blessant,
blessees,
blessure,
bleutees,
blindage,
blindees,
bloquees,
blousons,
bluffant,
bluffees,
bohemien,
boiserie,
boissons,
boiteuse,
boitiers,
bonbonne,
bonheurs,
bonhomie,
bonhomme,
bordeaux,
boreales,
bosquets,
bosselee,
bosseler,
bosseles,
bottines,
bouchers,
bouchons,
bouclees,
bouclier,
boudeurs,
boudeuse,
boudinee,
boudiner,
boudines,
boudoirs,
boueuses,
bouffant,
bouffies,
bougeoir,
bouilles,
bouillie,
bouillir,
bouillis,
bouillon,
boulange,
bouleaux,
boulgour,
bouliers,
boulimie,
bouloche,
bouloirs,
boulonne,
bouquets,
bouquins,
bourbier,
bourdons,
bourgeon,
bourrage,
bourreau,
bourrees,
bourrues,
boursier,
boussole,
boutades,
boutique,
bouturee,
bouturer,
boutures,
boutures,
bowlings,
bracelet,
braderie,
braisees,
branchee,
brancher,
branches,
branches,
branchie,
brandade,
branleur,
braquees,
brasiers,
brassard,
brasseur,
bretelle,
bretonne,
breuvage,
brevetee,
breveter,
brevetes,
bricolee,
bricoler,
bricoles,
bricoles,
brigands,
brillant,
bringues,
briquets,
brocante,
brochure,
brocolis,
broderie,
brodeurs,
brodeuse,
broncher,
bronches,
bronzage,
brossage,
brouette,
brouille,
brouille,
brulante,
brulants,
brumeuse,
brunâtre,
brushing,
brusquee,
brusquer,
brusques,
brutales,
bucheron,
buchette,
budgetee,
budgeter,
budgetes,
buissons,
bulgares,
bulletin,
bustiers,
butinage,
butinees,
buvettes,
cabanons,
cabarets,
câblages,
câbleurs,
cabossee,
cabosser,
cabosses,
cabotins,
cachette,
cadavres,
cadencee,
cadencer,
cadences,
cadences,
cadrages,
cadreurs,
cagnotte,
cagoulee,
cagoules,
caillots,
cailloux,
calamars,
calanque,
calcinee,
calciner,
calcines,
calculee,
calculer,
calcules,
calibree,
calibrer,
calibres,
câlinees,
calisson,
calmante,
calmants,
calomnie,
calories,
calvaire,
calvitie,
camarade,
cameleon,
camelias,
campagne,
campings,
canadien,
canaille,
canardee,
canarder,
canardes,
candidat,
candides,
canetons,
canettes,
caniches,
canicule,
caniveau,
cannabis,
cannelle,
cannette,
canotier,
cantines,
canulars,
capables,
capacite,
capitaux,
caprices,
capsulee,
capsuler,
capsules,
capsules,
capteurs,
captivee,
captiver,
captives,
captives,
capturee,
capturer,
captures,
captures,
capuches,
capuchon,
capucine,
carabine,
caramels,
carapace,
carburee,
carburer,
carbures,
cardigan,
cardinal,
caressee,
caresser,
caresses,
caresses,
caribous,
carotene,
carotide,
carrosse,
cascades,
cassante,
cassants,
cassette,
castings,
causante,
causants,
causette,
cavalier,
cavernes,
cavistes,
celerite,
cendrees,
cendrier,
censuree,
censurer,
censures,
censures,
centaure,
centieme,
centrale,
centrees,
centuple,
cerceaux,
cereales,
cerebral,
cerfeuil,
cerveaux,
cervelas,
cervelet,
cervelle,
cervical,
chagrins,
chahutee,
chahuter,
chahutes,
chalands,
chaleurs,
chambree,
chambrer,
chambres,
chambres,
chameaux,
chamelle,
chanceux,
chansons,
chantage,
chanteur,
chantier,
chapeaux,
chapelet,
chapelle,
chaperon,
chapitre,
charbons,
charcute,
chardons,
chargees,
chariots,
charisme,
charites,
charmant,
charmeur,
charnues,
chasseur,
châtains,
châteaux,
chatoyer,
chaudron,
chauffee,
chauffer,
chauffes,
chaussee,
chausser,
chausses,
chausson,
chauvins,
chaviree,
chavirer,
chavires,
chemisee,
chemiser,
chemises,
chemises,
chenille,
chequier,
cherchee,
chercher,
cherches,
chetives,
chevalet,
chevelue,
chevelus,
cheville,
chiantes,
chicoree,
chienlit,
chiennes,
chieuses,
chiffons,
chiffrer,
chiffres,
chignons,
chocolat,
chomages,
choquant,
chorales,
chouette,
chretien,
chuchote,
ciblages,
cimentee,
cimenter,
cimentes,
circuler,
classees,
clavecin,
clemence,
clemente,
clements,
clinique,
clochard,
clochees,
clochers,
cloitree,
cloitrer,
cloitres,
cloitres,
clopiner,
cloquees,
cloturee,
cloturer,
clotures,
cloutees,
coagulee,
coaguler,
coagules,
cocardes,
cocasses,
cochonne,
cocktail,
codifiee,
codifier,
codifies,
coeditee,
coediter,
coedites,
coffrees,
coffrets,
cogitees,
cohesifs,
cohesion,
cohesive,
coiffage,
coiffant,
coiffees,
coiffeur,
coiffure,
collante,
collants,
collecte,
collecte,
colleges,
collegue,
colliers,
colmatee,
colmater,
colmates,
colombes,
colonels,
colonial,
colonies,
colonnes,
colorant,
colorees,
coloriee,
colorier,
colories,
coltinee,
coltiner,
coltines,
comateux,
combatif,
combinee,
combiner,
combines,
comedien,
comedies,
comedons,
commande,
commande,
commando,
commence,
commente,
commerce,
communes,
commutee,
commuter,
commutes,
compacte,
compacts,
compagne,
comparee,
comparer,
compares,
compatir,
compilee,
compiler,
compiles,
complete,
complets,
complexe,
complexe,
complice,
composee,
composer,
composes,
composte,
compotes,
comptine,
comptoir,
comtesse,
concedee,
conceder,
concedes,
concepts,
concerts,
concocte,
concubin,
conduite,
confiant,
confinee,
confiner,
confines,
confites,
conflits,
conforts,
confrere,
congelee,
congeler,
congeles,
conjoint,
conjugal,
conjuree,
conjurer,
conjures,
connerie,
connotee,
connoter,
connotes,
conquete,
conquise,
consacre,
conseils,
consigne,
consigne,
consolee,
consoler,
consoles,
conspuee,
conspuer,
conspues,
constate,
constats,
constipe,
consumee,
consumer,
consumes,
contacte,
contacts,
contenir,
contente,
contents,
contenue,
contenus,
conteste,
conteurs,
conteuse,
contexte,
contigue,
contigus,
continue,
continus,
contours,
contrees,
convives,
convoite,
convoyee,
convoyer,
convoyes,
cooperer,
copieurs,
copieuse,
copilote,
coquette,
coquille,
coquines,
corbeaux,
cordages,
corniaud,
corniche,
corniere,
corolles,
corporel,
correlee,
correler,
correles,
corridor,
corrigee,
corriger,
corriges,
corrompu,
corrosif,
corsages,
corsaire,
cosmique,
costaude,
costauds,
costumee,
costumer,
costumes,
costumes,
cotelees,
cotisees,
couchage,
couchees,
couchers,
couettes,
couffins,
couilles,
couillon,
coulante,
coulants,
couleurs,
coulisse,
couloirs,
coupable,
coupante,
coupants,
couperet,
coupoles,
coupures,
courages,
courante,
courants,
courbure,
couronne,
couronne,
courriel,
courrier,
coursier,
courtise,
courtois,
cousines,
coussins,
couteuse,
couvents,
couverte,
couverts,
couveuse,
couvreur,
crachats,
crachees,
cracheur,
crachoir,
craindre,
craintes,
craintif,
cramoisi,
crampons,
crâneurs,
crâneuse,
crapauds,
crapette,
crapules,
craquage,
craquant,
craquees,
crasseux,
cravache,
cravates,
creances,
createur,
creatifs,
creatine,
creation,
creative,
creature,
credence,
credible,
creditee,
crediter,
credites,
credules,
cremerie,
cremeuse,
cremiere,
cremiers,
creneaux,
creperie,
crepiere,
crepiers,
crepitee,
crepiter,
crepites,
creusees,
crevette,
criblees,
criminel,
criniere,
criquets,
crispees,
cristaux,
criteres,
critique,
critique,
croasser,
crochues,
croisade,
croquant,
croquees,
crotales,
croutons,
croyable,
croyance,
croyante,
croyants,
cruautes,
cruciale,
cruciaux,
crucifix,
crudites,
cruelles,
crustace,
cubistes,
cueillir,
cuillere,
cuisante,
cuisants,
cuisinee,
cuisiner,
cuisines,
cuisines,
cuivrees,
culbutes,
culminer,
culottes,
cultivee,
cultiver,
cultives,
culturel,
cultures,
cupidite,
cupidons,
curatifs,
curative,
curieuse,
cyclique,
cycliste,
cyclones,
cyclopes,
cylindre,
cystites,
dandinee,
dandiner,
dandines,
dansante,
dansants,
danseurs,
danseuse,
dattiers,
dauphins,
daurades,
deballee,
deballer,
deballes,
debattre,
debattue,
debattus,
debauche,
debauche,
debitees,
debiteur,
deboitee,
deboiter,
deboites,
debordee,
deborder,
debordes,
debouler,
debrayee,
debrayer,
debrayes,
debridee,
debrider,
debrides,
decalage,
decampee,
decamper,
decampes,
decantee,
decanter,
decantes,
decapite,
decelees,
decembre,
decennie,
decentes,
decernee,
decerner,
decernes,
decevant,
decevoir,
decharge,
decharge,
decharne,
dechiree,
dechirer,
dechires,
decidees,
decideur,
decimale,
decisifs,
decision,
decisive,
declamee,
declamer,
declames,
declaree,
declarer,
declares,
declinee,
decliner,
declines,
declouee,
declouer,
decloues,
decochee,
decocher,
decoches,
decodeur,
decoiffe,
decoince,
decollee,
decoller,
decolles,
decolore,
decoudre,
decouler,
decoupee,
decouper,
decoupes,
decoupes,
decousue,
decousus,
decrasse,
decrepie,
decrepir,
decrepis,
decretee,
decreter,
decretes,
decrispe,
decroche,
decroise,
decuplee,
decupler,
decuples,
dedicace,
dedicace,
dedouble,
deductif,
deduites,
defendre,
defendue,
defendus,
defenses,
defensif,
defequee,
defequer,
defeques,
deferlee,
deferler,
deferles,
deferree,
deferrer,
deferres,
defiance,
defiante,
defiants,
defigure,
defleuri,
defloree,
deflorer,
deflores,
defoncee,
defoncer,
defonces,
deformee,
deformer,
deformes,
defoulee,
defouler,
defoules,
defrayer,
defriche,
defrisee,
defriser,
defrises,
defuntes,
degagees,
degainee,
degainer,
degaines,
degarnie,
degarnir,
degarnis,
degelees,
degermee,
degermer,
degermes,
degivree,
degivrer,
degivres,
deglacee,
deglacer,
deglaces,
deglutie,
deglutir,
deglutis,
degommee,
degommer,
degommes,
degonfle,
degorgee,
degorger,
degorges,
degoutee,
degouter,
degoutes,
degradee,
degrader,
degrades,
degrafee,
degrafer,
degrafes,
degrisee,
degriser,
degrises,
deguisee,
deguiser,
deguises,
degustee,
deguster,
degustes,
dejantee,
dejanter,
dejantes,
dejeuner,
delabree,
delabrer,
delabres,
delacees,
delassee,
delasser,
delasses,
delation,
delavees,
delayees,
deleguee,
deleguer,
delegues,
delestee,
delester,
delestes,
delicate,
delicats,
delivree,
delivrer,
delivres,
delogees,
deloyale,
deloyaux,
delurees,
demandee,
demander,
demandes,
demandes,
demanger,
demarche,
demarche,
demarque,
demarree,
demarrer,
demarres,
demelees,
demenage,
demences,
demenees,
dementie,
dementir,
dementis,
demesure,
demeuree,
demeurer,
demeures,
demeures,
demineur,
demodees,
demolies,
demontee,
demonter,
demontes,
demordre,
demotive,
demoulee,
demouler,
demoules,
demunies,
denature,
deneigee,
deneiger,
deneiges,
denervee,
denerver,
denerves,
denichee,
denicher,
deniches,
denigree,
denigrer,
denigres,
denoncee,
denoncer,
denonces,
denouees,
densifie,
densites,
dentaire,
dentelee,
denteler,
denteles,
dentelle,
dentiers,
depannee,
depanner,
depannes,
depassee,
depasser,
depasses,
depaysee,
depayser,
depayses,
depecees,
depechee,
depecher,
depeches,
depeches,
dependre,
depensee,
depenser,
depenses,
depenses,
dephasee,
dephaser,
dephases,
depilage,
depilees,
depistee,
depister,
depistes,
depitees,
deplacee,
deplacer,
deplaces,
deplaire,
depliage,
depliant,
depliees,
deploree,
deplorer,
deplores,
deployee,
deployer,
deployes,
deplumee,
deplumer,
deplumes,
depollue,
deportee,
deporter,
deportes,
depotoir,
depourvu,
deprecie,
deprimee,
deprimer,
deprimes,
deracine,
derangee,
deranger,
deranges,
derapage,
dereglee,
deregler,
deregles,
derision,
derivees,
derniere,
derniers,
derobade,
deroulee,
derouler,
deroules,
derriere,
desarmee,
desarmer,
desarmes,
desarroi,
desastre,
desaveux,
desavoue,
descente,
desertee,
deserter,
desertes,
desherbe,
designee,
designer,
designes,
desirees,
desistee,
desister,
desistes,
desobeir,
desolees,
desordre,
desoxyde,
despotes,
desserte,
desserts,
dessinee,
dessiner,
dessines,
destinee,
destiner,
destines,
detachee,
detacher,
detaches,
detaille,
detartre,
detectee,
detecter,
detectes,
detendre,
detendue,
detendus,
detentes,
detenues,
detestee,
detester,
detestes,
detonnee,
detonner,
detonnes,
detouree,
detourer,
detoures,
detourne,
detresse,
detritus,
detroits,
detronee,
detroner,
detrones,
detruite,
detruits,
deuxieme,
devalise,
devaluee,
devaluer,
devalues,
devancee,
devancer,
devances,
devastee,
devaster,
devastes,
devenues,
deversee,
deverser,
deverses,
devidees,
devidoir,
devinees,
devissee,
devisser,
devisses,
devoilee,
devoiler,
devoiles,
devorees,
devotion,
devouees,
diabetes,
diabolos,
diademes,
dialecte,
dialogue,
diamants,
diametre,
diarrhee,
diffamee,
diffamer,
diffames,
diffusee,
diffuser,
diffuses,
diffuses,
digerees,
digestes,
digestif,
digicode,
digitale,
digitaux,
dilatees,
dilation,
diluants,
dilution,
diluvial,
diluvien,
dimanche,
diminuee,
diminuer,
diminues,
dinettes,
dioceses,
dioxines,
dioxydes,
diplomee,
diplomer,
diplomes,
diplomes,
directes,
directif,
dirigees,
disciple,
discount,
discours,
discrete,
discrets,
discutee,
discuter,
discutes,
disettes,
disgrâce,
disloque,
disparue,
disparus,
disposee,
disposer,
disposes,
disputee,
disputer,
disputes,
disputes,
dissipee,
dissiper,
dissipes,
dissocie,
dissolue,
dissolus,
distance,
distance,
distante,
distants,
distrait,
district,
divaguer,
diverger,
divertie,
divertir,
divertis,
divinite,
divisees,
divorcee,
divorcer,
divorces,
divorces,
divulgue,
dixiemes,
dizaines,
docteurs,
doctoral,
doctorat,
doctrine,
document,
doleance,
domaines,
domicile,
dommages,
domptage,
donateur,
donation,
dorlotee,
dorloter,
dorlotes,
dormeurs,
dormeuse,
dorsales,
dortoirs,
dosettes,
dossards,
dossiers,
dotation,
douanier,
doublees,
doublons,
doublure,
douceurs,
douchees,
doudoune,
douteuse,
douzaine,
douzieme,
doyennes,
dragonne,
draguees,
drainage,
drainees,
drapeaux,
dressage,
dressees,
dribblee,
dribbler,
dribbles,
dribbles,
droguees,
droitier,
droiture,
dualisme,
dualites,
duchesse,
dulcinee,
durables,
duvetees,
dynamise,
dynamite,
dynastie,
dyslexie,
ebauchee,
ebaucher,
ebauches,
ebauches,
ebeniste,
eberluee,
eberluer,
eberlues,
eblouies,
eborgnee,
eborgner,
eborgnes,
eboueurs,
eboueuse,
eboulees,
ebranlee,
ebranler,
ebranles,
ebrechee,
ebrecher,
ebreches,
ebrouees,
ebruitee,
ebruiter,
ebruites,
ecaillee,
ecailler,
ecailles,
ecailles,
ecartees,
ecartele,
ecarteur,
ecervele,
echafaud,
echalote,
echancre,
echangee,
echanger,
echanges,
echappee,
echapper,
echappes,
echardes,
echarpee,
echarper,
echarpes,
echarpes,
echasses,
echaudee,
echauder,
echaudes,
echeance,
echeante,
echelles,
echelons,
echouees,
eclairci,
eclairee,
eclairer,
eclaires,
eclatant,
eclatees,
eclipsee,
eclipser,
eclipses,
eclipses,
eclosion,
ecœuree,
ecœurer,
ecœures,
ecoliere,
ecoliers,
ecologie,
ecorchee,
ecorcher,
ecorches,
ecoulees,
ecourtee,
ecourter,
ecourtes,
ecouteur,
ecrasees,
ecraseur,
ecremage,
ecriteau,
ecriture,
ecrivain,
ecrouees,
ecroulee,
ecrouler,
ecroules,
ecureuil,
editeurs,
editions,
editrice,
edredons,
educatif,
edulcore,
eduquees,
effacees,
effaceur,
effarees,
effemine,
effilees,
effluves,
efforcee,
efforcer,
efforces,
effrayee,
effrayer,
effrayes,
effusion,
effusive,
egalisee,
egaliser,
egalises,
egoismes,
egoistes,
egorgees,
egouttee,
egoutter,
egouttes,
egrainee,
egrainer,
egraines,
egyptien,
ehontees,
ejaculee,
ejaculer,
ejacules,
ejectees,
elaboree,
elaborer,
elabores,
elaguees,
elancees,
elargies,
electeur,
electifs,
election,
elective,
electron,
elements,
elephant,
elevages,
eleveurs,
eleveuse,
eligible,
eliminee,
eliminer,
elimines,
elitisme,
elitiste,
ellipses,
elogieux,
eloignee,
eloigner,
eloignes,
elucidee,
elucider,
elucides,
emaillee,
emailler,
emailles,
emancipe,
emballee,
emballer,
emballes,
embargos,
embarque,
embauche,
embauche,
embaumee,
embaumer,
embaumes,
embellie,
embellir,
embellis,
embetees,
embobine,
emboitee,
emboiter,
emboites,
embossee,
embosser,
embosses,
emboutie,
emboutir,
emboutis,
embrayee,
embrayer,
embrayes,
embroche,
embrumee,
embrumer,
embrumes,
embryons,
embuches,
embusque,
emechees,
emeraude,
emetteur,
emiettee,
emietter,
emiettes,
emincees,
emission,
emmenees,
emmental,
emmerdee,
emmerder,
emmerdes,
emmerdes,
emmurees,
emondage,
emondees,
emotions,
emotives,
emoussee,
emousser,
emousses,
emouvoir,
empalees,
empâtees,
empechee,
empecher,
empeches,
empereur,
empestee,
empester,
empestes,
empetree,
empetrer,
empetres,
empilees,
employee,
employer,
employes,
emplumee,
emplumer,
emplumes,
empochee,
empocher,
empoches,
emportee,
emporter,
emportes,
emprunts,
emulsion,
encadree,
encadrer,
encadres,
encastre,
enceinte,
encensee,
encenser,
encenses,
encercle,
enchaine,
enchante,
encheres,
encherie,
encherir,
encheris,
enclavee,
enclaver,
enclaves,
enclaves,
enclines,
encodage,
encolure,
encombre,
encordee,
encorder,
encordes,
encornee,
encorner,
encornes,
encornet,
encourue,
encourus,
endettee,
endetter,
endettes,
endormie,
endormir,
endormis,
endossee,
endosser,
endosses,
enduites,
endurant,
endurcie,
endurcir,
endurcis,
endurees,
energies,
enervant,
enervees,
enfances,
enfantee,
enfanter,
enfantes,
enfantin,
enfarine,
enfermee,
enfermer,
enfermes,
enferree,
enferrer,
enferres,
enfichee,
enficher,
enfiches,
enfilade,
enfilage,
enfilees,
enflamme,
enflures,
enfoncee,
enfoncer,
enfonces,
enforcie,
enforcir,
enforcis,
enfouies,
enfourne,
enfumees,
engagees,
engelure,
engendre,
englobee,
englober,
englobes,
englouti,
engluage,
engluees,
engobage,
engobees,
engorgee,
engorger,
engorges,
engourdi,
engrains,
engrange,
engravee,
engraver,
engraves,
engueule,
enhardie,
enhardir,
enhardis,
enivrees,
enjambee,
enjamber,
enjambes,
enjolees,
enjolive,
enlacees,
enlaidie,
enlaidir,
enlaidis,
enlevees,
enlisees,
enlumine,
enneigee,
enneiger,
enneiges,
ennemies,
ennoblie,
ennoblir,
ennoblis,
ennoyage,
ennoyees,
ennuagee,
ennuager,
ennuages,
ennuyees,
ennuyeux,
enoncees,
enquerir,
enqueter,
enquetes,
enracine,
enragees,
enrayees,
enrhumee,
enrhumer,
enrhumes,
enrichie,
enrichir,
enrichis,
enrobage,
enrobees,
enrouees,
enroulee,
enrouler,
enroules,
ensablee,
ensabler,
ensables,
ensachee,
ensacher,
ensaches,
enseigne,
enseigne,
ensemble,
enseveli,
ensilage,
entachee,
entacher,
entaches,
entaille,
entartee,
entarter,
entartes,
entassee,
entasser,
entasses,
entendre,
entendue,
entendus,
ententes,
enterree,
enterrer,
enterres,
entetees,
entichee,
enticher,
entiches,
entonnee,
entonner,
entonnes,
entouree,
entourer,
entoures,
entraide,
entraide,
entrante,
entrants,
entravee,
entraver,
entraves,
entraves,
entremet,
entrepot,
entresol,
entrevue,
entrevus,
enucleee,
enucleer,
enuclees,
enumeree,
enumerer,
enumeres,
envahies,
envenime,
enviable,
environs,
envisage,
envoilee,
envoiler,
envoiles,
envolees,
envoutee,
envouter,
envoutes,
envoyees,
envoyeur,
eolienne,
epaillee,
epailler,
epailles,
epaisses,
epaissie,
epaissir,
epaissis,
epanchee,
epancher,
epanches,
epanouie,
epanouir,
epanouis,
epargnee,
epargner,
epargnes,
epaulees,
eperlans,
eperonne,
epervier,
epeurees,
epicerie,
epiciere,
epiciers,
epidemie,
epiderme,
epileurs,
epileuse,
epilogue,
epinards,
epineuse,
epinglee,
epingler,
epingles,
epingles,
episodes,
epluchee,
eplucher,
epluches,
epongees,
epousees,
epreuves,
eprouvee,
eprouver,
eprouves,
epuisees,
equateur,
equation,
equeutee,
equeuter,
equeutes,
equinoxe,
equipage,
equipees,
equipier,
eradique,
eraflees,
eraflure,
eraillee,
erailler,
erailles,
erection,
ereintee,
ereinter,
ereintes,
ermitage,
erogenes,
erosions,
erosives,
erotique,
erotisee,
erotiser,
erotises,
erotisme,
errances,
errantes,
erronees,
eructees,
erudites,
eruption,
esbaudie,
esbaudir,
esbaudis,
escabeau,
escadres,
escadron,
escalade,
escalier,
escalope,
escamote,
escapade,
escargot,
escarpee,
escarpes,
escarpin,
esclaves,
escompte,
escompte,
escortee,
escorter,
escortes,
escortes,
escrimee,
escrimer,
escrimes,
escroque,
espacees,
espalier,
esperees,
espiegle,
espionne,
esquimau,
esquinte,
esquisse,
esquisse,
esquivee,
esquiver,
esquives,
esquives,
essayage,
essayees,
essences,
essorees,
essuyage,
essuyees,
essuyeur,
estampee,
estamper,
estampes,
estimees,
estivale,
estomacs,
estompee,
estomper,
estompes,
estragon,
etablies,
etalages,
etamines,
etanches,
etatique,
etatisee,
etatiser,
etatises,
etatisme,
etatiste,
eteindre,
eteintes,
etendard,
etendues,
eternels,
eternise,
eternite,
eternuer,
ethanols,
ethiques,
ethnique,
etoffees,
etoilees,
etonnees,
etouffee,
etouffer,
etouffes,
etourdie,
etourdir,
etourdis,
etranger,
etranges,
etrangle,
etreinte,
etreints,
etrillee,
etriller,
etrilles,
etriquee,
etriquer,
etriques,
etudiant,
etudiees,
eunuques,
euphorie,
europeen,
evacuees,
evaluees,
evangile,
evanouie,
evanouir,
evanouis,
evaporee,
evaporer,
evapores,
evasives,
eveillee,
eveiller,
eveilles,
eventees,
eventree,
eventrer,
eventres,
evertuee,
evertuer,
evertues,
evidence,
evidente,
evidents,
evoluees,
evolutif,
evoquees,
exacerbe,
exageree,
exagerer,
exageres,
exaltant,
exaltees,
examinee,
examiner,
examines,
exaucees,
excedees,
exceller,
excentre,
exceptee,
excepter,
exceptes,
excessif,
excision,
excitant,
excitees,
exclamee,
exclamer,
exclames,
exclusif,
excusees,
executee,
executer,
executes,
executif,
exemples,
exemptee,
exempter,
exemptes,
exercees,
exercice,
exfoliee,
exfolier,
exfolies,
exhalant,
exhibees,
exhortee,
exhorter,
exhortes,
exhumees,
exigeant,
exigence,
exigible,
exogenes,
exoneree,
exonerer,
exoneres,
exotique,
exotisme,
expansif,
expatrie,
expediee,
expedier,
expedies,
expertes,
expirees,
explique,
exploite,
exploits,
exploree,
explorer,
explores,
explosee,
exploser,
exploses,
explosif,
exportee,
exporter,
exportes,
exposees,
exprimee,
exprimer,
exprimes,
expulsee,
expulser,
expulses,
expurgee,
expurger,
expurges,
exquises,
exsangue,
extasiee,
extasier,
extasies,
extenuee,
extenuer,
extenues,
externes,
extirpee,
extirper,
extirpes,
extradee,
extrader,
extrades,
extraire,
extraite,
extraits,
extremes,
exutoire,
fabrique,
fabulees,
fabuleux,
faceties,
facettes,
faconnee,
faconner,
faconnes,
facteurs,
factices,
facturee,
facturer,
factures,
factures,
facultes,
fagotins,
faiences,
faisceau,
falaises,
fameuses,
familial,
familier,
familles,
fanfaron,
fantasme,
fantomes,
farceurs,
farceuse,
farfelue,
farfelus,
farouche,
fascinee,
fasciner,
fascines,
fastueux,
fatalite,
fatigant,
fatiguee,
fatiguer,
fatigues,
faubourg,
fauchage,
fauchees,
faucheur,
faucille,
faufilee,
faufiler,
faufiles,
faussees,
fauteuil,
fauvisme,
fauviste,
favorise,
favorite,
febriles,
fecondee,
feconder,
fecondes,
fecondes,
feculent,
federees,
feerique,
feintees,
felouque,
femelles,
feminine,
feminins,
feminite,
feodales,
fermente,
ferments,
fermiere,
fermiers,
fermoirs,
ferocite,
fertiles,
ferveurs,
fessiers,
festival,
festives,
festoyee,
festoyer,
festoyes,
fetardes,
fetiches,
feuilles,
feuillet,
feuillus,
feutrees,
fiancees,
ficelees,
ficelles,
fichiers,
fictions,
fictives,
fidelite,
fievreux,
fignolee,
fignoler,
fignoles,
figurant,
figurees,
figurine,
filament,
filantes,
filature,
filiales,
fillette,
filleule,
filleuls,
filoutee,
filouter,
filoutes,
filtrage,
filtrees,
finalise,
finalite,
financee,
financer,
finances,
finances,
finition,
fiscales,
fissuree,
fissurer,
fissures,
fissures,
fixateur,
fixation,
flairees,
flamande,
flamands,
flamants,
flambeau,
flambees,
flancher,
flanelle,
flânerie,
flâneurs,
flâneuse,
flattees,
flatteur,
flechees,
flechies,
flemarde,
flemards,
fletries,
flexible,
flinguee,
flinguer,
flingues,
flingues,
fliquees,
flocages,
fluctuer,
fluettes,
fluidite,
fluorees,
fluviale,
fluviaux,
foireuse,
folâtrer,
fomentee,
fomenter,
fomentes,
fonceurs,
fonceuse,
fonciere,
fonciers,
fonction,
fondante,
fondants,
fonderie,
fondeurs,
fondeuse,
fontaine,
football,
forfaits,
forgeron,
formatee,
formater,
formates,
formulee,
formuler,
formules,
fortifie,
fortuite,
fortuits,
fortunee,
fortunes,
fortunes,
fossette,
fossiles,
fossoyee,
fossoyer,
fossoyes,
foudroye,
fouettee,
fouetter,
fouettes,
fougasse,
fouillee,
fouiller,
fouilles,
fouineur,
foulards,
fourchee,
fourcher,
fourches,
fourches,
fourchue,
fourchus,
fourguee,
fourguer,
fourgues,
fournees,
fournies,
fournils,
fourreau,
fourrees,
fourrure,
foutaise,
fracture,
fragiles,
fraichir,
franches,
franchie,
franchir,
franchis,
frappees,
frasques,
fraudeur,
fregates,
freinage,
freinees,
frenesie,
frequent,
fresques,
friables,
friandes,
fricasse,
fricotee,
fricoter,
fricotes,
frigides,
frileuse,
frimeurs,
frimeuse,
fringuee,
fringuer,
fringues,
friperie,
frisette,
frissons,
friterie,
friteuse,
fritures,
frivoles,
froideur,
froissee,
froisser,
froisses,
fromager,
fromages,
froments,
froncees,
frontale,
frontaux,
frousses,
fructose,
frugales,
fruitees,
fruitier,
frustree,
frustrer,
frustres,
fugacite,
fugitifs,
fugitive,
fugueurs,
fugueuse,
fulguree,
fulgurer,
fulgures,
fulminee,
fulminer,
fulmines,
fumantes,
fumeuses,
fumigene,
fumistes,
funebres,
funestes,
furibond,
furieuse,
furoncle,
furtives,
fuselage,
fuselees,
fusibles,
fusillee,
fusiller,
fusilles,
fusionne,
fustigee,
fustiger,
fustiges,
futilite,
fuyantes,
fuyardes,
gabarits,
gâchette,
gaffeurs,
gaffeuse,
gagnante,
gagnants,
gagneurs,
gagneuse,
gaillard,
galantes,
galeries,
galonnee,
galonner,
galonnes,
galopade,
galopees,
galopeur,
galvaude,
gambader,
ganglion,
gangrene,
gangster,
garantes,
garantie,
garantir,
garantis,
garderie,
gardiens,
garrigue,
gaspacho,
gaspille,
gastrite,
gâteries,
gauchere,
gauchers,
gaufrier,
gauloise,
gazelles,
gazettes,
gazeuses,
gelatine,
gelifiee,
gelifier,
gelifies,
genantes,
gencives,
gendarme,
generale,
generaux,
generees,
genereux,
geniales,
genisses,
genitale,
genitaux,
geniteur,
genocide,
genoises,
geoliere,
geoliers,
geologie,
geologue,
geometre,
gerances,
geranium,
gerantes,
germaine,
germains,
gerondif,
giboulee,
girafons,
girofles,
girolles,
gisement,
givreuse,
glacages,
glacante,
glacants,
glaciale,
glaciere,
glaciers,
glandeur,
glissade,
glissant,
glissees,
globales,
globules,
glorieux,
glorifie,
glousser,
gloutons,
gluantes,
gnocchis,
gobelets,
goelands,
goelette,
goinfree,
goinfrer,
goinfres,
goinfres,
golfeurs,
golfeuse,
gominees,
gommages,
gommette,
gondolee,
gondoler,
gondoles,
gondoles,
gonflant,
gonflees,
gorilles,
gothique,
goudrons,
gouffres,
goupille,
goupille,
gourmand,
gourmets,
gouteurs,
gouteuse,
graciees,
gracieux,
graduees,
graduels,
graffiti,
graissee,
graisser,
graisses,
grammage,
grandeur,
grandies,
granulee,
granuler,
granules,
gratinee,
gratiner,
gratines,
grattees,
gratuite,
gratuits,
gravelee,
graveler,
graveles,
graveurs,
graveuse,
graviers,
graviter,
gravures,
greffees,
greffier,
grenadee,
grenader,
grenades,
grenades,
griffees,
griffure,
grignote,
grillade,
grillage,
grillees,
grimacee,
grimacer,
grimaces,
grimaces,
grimpeur,
griottes,
grippees,
grisâtre,
grognees,
grommele,
grondees,
grossier,
groupees,
guepards,
guepiere,
guepiers,
gueridon,
guerison,
guettees,
guichets,
guimauve,
habilite,
habillee,
habiller,
habilles,
habitant,
habitees,
habitude,
habituee,
habituel,
habituer,
habitues,
hachuree,
hachurer,
hachures,
hachures,
haillons,
haineuse,
halogene,
halteres,
hamecons,
hamsters,
handicap,
harassee,
harasser,
harasses,
harcelee,
harceler,
harceles,
hargneux,
haricots,
harmonie,
harpiste,
hasardee,
hasarder,
hasardes,
haussees,
hautaine,
hautains,
hautbois,
hauteurs,
hebergee,
heberger,
heberges,
hebetees,
heliport,
herissee,
herisser,
herisses,
herisson,
heritage,
heritees,
heritier,
heroines,
heroique,
heroisme,
heureuse,
heurtees,
hexogene,
hiberner,
hibiscus,
hilarant,
hilarite,
hippique,
hippisme,
hirsutes,
histoire,
hivernee,
hiverner,
hivernes,
holistes,
homicide,
homogene,
homonyme,
hongrois,
honnetes,
honneurs,
honorees,
honteuse,
hopitaux,
hoquetee,
hoqueter,
hoquetes,
horaires,
horizons,
horloger,
horloges,
hormonal,
hormones,
horreurs,
horrible,
horrifie,
hospices,
hostiles,
hotelier,
hotesses,
houleuse,
houssees,
huileuse,
huissier,
huitieme,
huitrier,
hulottes,
humaines,
humanise,
humanite,
humectee,
humecter,
humectes,
humiliee,
humilier,
humilies,
humilite,
hurlante,
hurlants,
hurleurs,
hurleuse,
hussarde,
hussards,
hybridee,
hybrider,
hybrides,
hybrides,
hydratee,
hydrater,
hydrates,
hypnoses,
hysterie,
iberique,
idealise,
identite,
idioties,
idolâtre,
ignorees,
illegale,
illegaux,
illettre,
illicite,
illimite,
illumine,
illusion,
illustre,
imagerie,
imageurs,
imagiers,
imaginee,
imaginer,
imagines,
imbecile,
imbibees,
imbrique,
imitable,
immacule,
immature,
immediat,
immenses,
immergee,
immerger,
immerges,
immeuble,
immigree,
immigrer,
immigres,
immiscee,
immiscer,
immisces,
immobile,
immodere,
immolees,
immondes,
immorale,
immoraux,
immortel,
immuable,
immunise,
immunite,
impactee,
impacter,
impactes,
impaires,
impartie,
impartir,
impartis,
impasses,
impayees,
imperial,
impetree,
impetrer,
impetres,
implante,
implants,
implique,
imploree,
implorer,
implores,
imploser,
implosif,
impolies,
importee,
importer,
importes,
imposant,
imposees,
imprecis,
impregne,
imprevue,
imprevus,
imprimee,
imprimer,
imprimes,
impropre,
impulsee,
impulser,
impulses,
impulsif,
impunies,
impunite,
impurete,
imputees,
inabouti,
inacheve,
inactifs,
inactive,
inadapte,
inanimee,
inanimes,
inaugure,
inavouee,
inavoues,
incarnee,
incarner,
incarnes,
incendie,
incendie,
incestes,
inchange,
incident,
incinere,
incisees,
incisifs,
incision,
incisive,
incitees,
inclinee,
incliner,
inclines,
incluses,
incolore,
incomber,
incongru,
inconnue,
inconnus,
incruste,
inculpee,
inculper,
inculpes,
inculque,
incultes,
incurvee,
incurver,
incurves,
indecent,
indecise,
indefini,
indemnes,
indexees,
indigene,
indigent,
indignee,
indigner,
indignes,
indiquee,
indiquer,
indiques,
indirect,
individu,
indivise,
indolore,
inedites,
inegalee,
inegales,
inepuise,
inerties,
inespere,
inexacte,
inexacts,
inexauce,
infamies,
infectee,
infecter,
infectes,
infectes,
infeodee,
infeoder,
infeodes,
infernal,
infestee,
infester,
infestes,
infiltre,
infinies,
infirmee,
infirmer,
infirmes,
infirmes,
infligee,
infliger,
infliges,
influees,
influent,
infondee,
infondes,
informee,
informel,
informer,
informes,
infusees,
ingerees,
inhabite,
inhalees,
inhibees,
inhumain,
inhumais,
inhumees,
initiale,
initiaux,
initiees,
injectee,
injecter,
injectes,
injuriee,
injurier,
injuries,
injustes,
innocent,
innovees,
inondees,
inopinee,
inopines,
inquiete,
inquiete,
inquiets,
insanite,
inscrire,
inscrite,
inscrits,
insectes,
insemine,
insensee,
insenses,
inserees,
insinuee,
insinuer,
insinues,
insipide,
insister,
insolent,
insolite,
insomnie,
insonore,
insoumis,
inspecte,
inspiree,
inspirer,
inspires,
installe,
instance,
instaure,
instinct,
institue,
institut,
insuffle,
insuline,
insultee,
insulter,
insultes,
insultes,
insurgee,
insurger,
insurges,
intactes,
integral,
integree,
integrer,
integres,
intenses,
intensif,
intentee,
intenter,
intentes,
interdit,
interets,
internee,
interner,
internes,
internes,
internet,
intestin,
intimide,
intimite,
intitule,
intranet,
intrigue,
intrigue,
intrusif,
intubees,
intuitif,
inusitee,
inusites,
inusuels,
inutiles,
invaincu,
invalide,
invasifs,
invasion,
invasive,
invendue,
invendus,
inventee,
inventer,
inventes,
inventif,
inversee,
inverser,
inverses,
inverses,
investie,
investir,
investis,
invetere,
inviolee,
invioles,
invitees,
invoquee,
invoquer,
invoques,
ironique,
ironiser,
irradiee,
irradier,
irradies,
irreelle,
irrefute,
irresolu,
irriguee,
irriguer,
irrigues,
irritees,
isolante,
isolants,
italique,
ivresses,
ivrognes,
jacasser,
jacheres,
jalonnee,
jalonner,
jalonnes,
jalousee,
jalouser,
jalouses,
jalouses,
jalousie,
japonais,
japonise,
jardinee,
jardiner,
jardines,
jardinet,
jaunisse,
javelots,
jetables,
jointure,
jongleur,
joueuses,
joufflue,
joufflus,
jouissif,
journaux,
journees,
jugement,
julienne,
jumelage,
jumelees,
jumelles,
juristes,
justesse,
justices,
justifie,
juteuses,
juvenile,
labelise,
labouree,
labourer,
laboures,
labrador,
lacerees,
lâcheurs,
lâcheuse,
lacrymal,
laideron,
laideurs,
laissees,
laitages,
laiterie,
laiteuse,
laitiere,
laitiers,
lambiner,
lamelles,
lamentee,
lamenter,
lamentes,
laminees,
lanceurs,
lanceuse,
lancinee,
lanciner,
lancines,
langueur,
lanieres,
lapidees,
larguees,
largueur,
larmoyee,
larmoyer,
larmoyes,
latences,
latentes,
laterale,
lateraux,
latitude,
laureate,
laureats,
lauriers,
lavables,
lavandes,
laveries,
lavettes,
laveuses,
laxatifs,
laxative,
laxismes,
laxistes,
lecteurs,
lectorat,
lectrice,
lectures,
legalise,
legalite,
legendes,
legifere,
legistes,
legitime,
lemurien,
lenteurs,
lentille,
leopards,
lepreuse,
lessivee,
lessiver,
lessives,
lessives,
lettrees,
lettrine,
leurrees,
lexicale,
lexicaux,
lexiques,
lezardee,
lezarder,
lezardes,
libellee,
libeller,
libelles,
liberale,
liberaux,
liberees,
libertes,
ligament,
ligature,
limitees,
limogees,
limonade,
limpides,
linaires,
lineaire,
lingerie,
lingette,
lionceau,
liquidee,
liquider,
liquides,
liquides,
litteral,
littoral,
liturgie,
lividite,
localise,
localite,
location,
locative,
logement,
logiciel,
lointain,
losanges,
loteries,
louables,
louanger,
louanges,
loubards,
louchees,
lourdeur,
loyautes,
lubrifie,
lubrique,
lucidite,
lucioles,
lucratif,
luddisme,
ludiques,
lugubres,
luisance,
luisante,
luisants,
lumieres,
lunaires,
lunettes,
lustrage,
lustrees,
luxation,
luxueuse,
lynchage,
lynchees,
lyriques,
lyrismes,
macabres,
macaroni,
macarons,
macerees,
machette,
mâcheurs,
mâcheuse,
machines,
mâchoire,
mâchonne,
maconnee,
maconner,
maconnes,
maculees,
magasins,
magazine,
magicien,
magiques,
magnesie,
magnifie,
magnolia,
maigreur,
maigries,
maillage,
maillees,
maillets,
maintenu,
maintien,
maitrise,
maitrise,
majestes,
majeures,
majorees,
majorite,
maladies,
maladifs,
maladive,
malaises,
malaxees,
malignes,
malmenee,
malmener,
malmenes,
malpolie,
malpolis,
malsaine,
malsains,
malvenue,
malvenus,
mamelles,
mamelons,
mammouth,
managees,
manchons,
manchots,
mandarin,
mandatee,
mandater,
mandates,
mangeurs,
mangeuse,
maniaque,
manieree,
manieres,
manieres,
manipule,
manouche,
manquees,
mansarde,
mansarde,
manteaux,
manucure,
manuelle,
marchand,
marcheur,
marinade,
marinage,
marinees,
maritale,
maritime,
marmites,
marmonne,
marmotte,
maroufle,
marquees,
marquise,
marraine,
marrante,
marrants,
martelee,
marteler,
marteles,
martinet,
marxisme,
marxiste,
mascaras,
mascotte,
masculin,
masquees,
massacre,
massacre,
massages,
masseurs,
masseuse,
massives,
mastique,
materiau,
materiel,
maternee,
maternel,
materner,
maternes,
matinale,
matinaux,
matinees,
matrices,
maudites,
maugreee,
maugreer,
maugrees,
mausolee,
maussade,
mauvaise,
maximale,
maximise,
maximums,
mazoutee,
mazouter,
mazoutes,
meandres,
mecanise,
mechante,
mechants,
meconnue,
meconnus,
medaille,
medaille,
medecine,
medecins,
medianes,
mediante,
medicale,
medicaux,
medieval,
mediocre,
medisant,
meditees,
medusees,
mefiance,
mefiante,
mefiants,
megapole,
meilleur,
mejugees,
melangee,
melanger,
melanges,
melanges,
melodies,
membrane,
memoires,
memorial,
memorise,
menacant,
menacees,
menagees,
menagere,
menagers,
mendiant,
mendiees,
meneuses,
meninges,
menottee,
menotter,
menottes,
menottes,
mensonge,
mensuels,
mentales,
menteurs,
menteuse,
meprisee,
mepriser,
meprises,
meringue,
merisier,
meritees,
mesanges,
mescluns,
mesdames,
mesquine,
mesquins,
messager,
messages,
mesurees,
meteores,
metissee,
metisser,
metisses,
metrique,
meublees,
meurtres,
meurtrie,
meurtrir,
meurtris,
mexicain,
microbes,
mielleux,
mignonne,
migraine,
migrante,
migrants,
mijauree,
mijotees,
mimiques,
minables,
minarets,
minaudee,
minauder,
minaudes,
minerale,
mineraux,
minimale,
minimise,
minimums,
minorees,
minorite,
minuteur,
miracles,
miracule,
miradors,
miroitee,
miroiter,
miroites,
misereux,
misogyne,
missiles,
missions,
missives,
mitigees,
mitigeur,
mitonnee,
mitonner,
mitonnes,
mixtures,
mobilier,
mobilise,
mobilite,
mocassin,
modalise,
modalite,
modelage,
modelees,
modelise,
moderees,
modestes,
modestie,
modifiee,
modifier,
modifies,
modulees,
moelleux,
moignons,
moindres,
moineaux,
molecule,
molestee,
molester,
molestes,
molettes,
momifiee,
momifier,
momifies,
mondaine,
mondains,
monetise,
mongoles,
monnayee,
monnayer,
monnayes,
monocles,
monopole,
monsieur,
monstres,
montages,
montagne,
montante,
montants,
monteurs,
monteuse,
montrees,
montures,
monument,
moquette,
moralite,
morbides,
morceaux,
morcelee,
morceler,
morceles,
mordante,
mordants,
mordille,
mordoree,
mordorer,
mordores,
morfales,
moribond,
morilles,
morpions,
mortifie,
motivees,
motorise,
mouchees,
mouchete,
mouettes,
mouillee,
mouiller,
mouilles,
modulable,
moulages,
moulante,
moulants,
moulinee,
mouliner,
moulines,
moulinet,
moulures,
mourante,
mourants,
moussees,
mousseux,
moutarde,
mouvante,
mouvants,
moyennee,
moyenner,
moyennes,
moyennes,
munition,
muraille,
murmuree,
murmurer,
murmures,
murmures,
muscadet,
musclees,
muselees,
musicale,
musicaux,
musicien,
musiques,
musquees,
mutantes,
mutation,
mutilees,
mutuelle,
myopathe,
myrtille,
mystifie,
mystique,
mythique,
naivetes,
nanifiee,
nanifier,
nanifies,
nanismes,
nappages,
narratif,
nasardes,
nasillee,
nasiller,
nasilles,
natalite,
natation,
national,
nativite,
naturels,
naufrage,
nauseeux,
nautique,
nautisme,
navettes,
naviguer,
navrante,
navrants,
nebuleux,
necrosee,
necroser,
necroses,
nefastes,
negatifs,
negation,
negative,
negligee,
negliger,
negliges,
negociee,
negocier,
negocies,
negriers,
neigeuse,
nenuphar,
nerveuse,
nervuree,
nervurer,
nervures,
nervures,
nettoyee,
nettoyer,
nettoyes,
neurones,
neutrons,
nevrites,
nevrosee,
nevroses,
nevroses,
niaiseux,
nichoirs,
nicotine,
nitrates,
nivelees,
noblesse,
nocturne,
noduleux,
noirceur,
noircies,
noisette,
nombreux,
nombrils,
nominale,
nominaux,
nominees,
nordique,
nordiste,
normales,
normande,
normands,
normatif,
notaires,
notariat,
notation,
notifiee,
notifier,
notifies,
notoires,
nouaison,
noueuses,
nouilles,
nourrice,
nourries,
nouveaux,
nouvelle,
novateur,
novation,
novembre,
noyautee,
noyauter,
noyautes,
nuageuse,
nuancees,
nuancier,
nucleees,
nudismes,
nudistes,
nuisance,
nuisette,
nuisible,
numerise,
numerote,
nuptiale,
nuptiaux,
nutritif,
objectee,
objecter,
objectes,
objectif,
obligees,
obliquer,
obliques,
obscurci,
obscures,
obsedees,
obseques,
observee,
observer,
observes,
obsessif,
obsolete,
obstacle,
obstinee,
obstiner,
obstines,
obstruee,
obstruer,
obstrues,
obtenues,
occasion,
occident,
occitane,
occitans,
occlusif,
occultee,
occulter,
occultes,
occultes,
occupees,
octogone,
octroyee,
octroyer,
octroyes,
oculaire,
oculiste,
odieuses,
odorante,
odorants,
odorisee,
odorises,
œillere,
œillets,
offensee,
offenser,
offenses,
offenses,
offensif,
offertes,
official,
officiel,
officier,
offrande,
offrants,
offusque,
oliviers,
olympien,
ombragee,
ombrager,
ombrages,
omelette,
omission,
omnivore,
omoplate,
onctueux,
ondulees,
onereuse,
onguents,
onirique,
opacifie,
opacites,
operable,
operante,
operants,
opinions,
opposees,
oppresse,
opprimee,
opprimer,
opprimes,
optimale,
optimaux,
optimise,
optimums,
optiques,
opulence,
opulente,
opulents,
oralisee,
oraliser,
oralises,
orangers,
orateurs,
oratoire,
oratrice,
orbitale,
orchidee,
ordonnee,
ordonner,
ordonnes,
ordurier,
oreiller,
oreilles,
oreillon,
orfevres,
organise,
oriental,
orientee,
orienter,
orientes,
orifices,
origamis,
original,
originel,
origines,
ornieres,
orphelin,
osciller,
oseilles,
ossature,
osselets,
osseuses,
ossifiee,
ossifier,
ossifies,
ouailles,
oubliees,
ouragans,
outillee,
outiller,
outilles,
outragee,
outrager,
outrages,
outrance,
ouvertes,
ouvrable,
ouvragee,
ouvrager,
ouvrages,
ouvrages,
ouvrante,
ouvrants,
ouvriere,
ouvriers,
ovalisee,
ovaliser,
ovalises,
ovoidale,
ovoidaux,
oxydante,
oxydants,
oxygenee,
oxygener,
oxygenes,
pacifiee,
pacifier,
pacifies,
pactiser,
pactoles,
pagaille,
paiennes,
paillete,
paisible,
palettes,
palmares,
palmiers,
palourde,
palpable,
palpiter,
pamphlet,
panachee,
panacher,
panaches,
pancarte,
pandemie,
panifiee,
panifier,
panifies,
paniquee,
paniquer,
paniques,
panneaux,
panoplie,
panorama,
pantalon,
papilles,
papillon,
paquebot,
parabole,
paradoxe,
parafees,
parafeur,
paraphee,
parapher,
paraphes,
parasite,
parasols,
parcelle,
parcours,
parcouru,
pardonne,
parental,
parentes,
paresser,
parfaire,
parfaite,
parfaits,
parfumee,
parfumer,
parfumes,
parieurs,
parieuse,
parisien,
parjuree,
parjurer,
parjures,
parjures,
parlante,
parlants,
parmesan,
parodiee,
parodier,
parodies,
parodies,
paroisse,
parquees,
parquets,
parsemee,
parsemer,
parsemes,
partagee,
partager,
partages,
partages,
partante,
partants,
parterre,
partiale,
partiaux,
partiels,
partisan,
parvenir,
parvenue,
parvenus,
passable,
passades,
passager,
passages,
passante,
passants,
passeurs,
passions,
pasteque,
pasteurs,
pastiche,
pastille,
pastoral,
patauger,
paternel,
pâteuses,
patience,
patiente,
patients,
patinage,
patinees,
patineur,
patriote,
patronal,
patronne,
pâturage,
pâturees,
paupiere,
pauvrete,
pavanees,
pavement,
pavillon,
pavoisee,
pavoiser,
pavoises,
payables,
payantes,
payeuses,
paysagee,
paysager,
paysages,
paysages,
paysanne,
peagiste,
peaufine,
pecheurs,
pecheuse,
pedantes,
pedestre,
pediatre,
pedicure,
peignees,
peintres,
peinture,
pelerins,
peluchee,
pelucher,
peluches,
penalise,
penalite,
penchees,
penderie,
pendulee,
penduler,
pendules,
pendules,
penetree,
penetrer,
penetres,
penibles,
peniches,
penombre,
pensives,
percante,
percants,
perceuse,
perchees,
perchoir,
percutee,
percuter,
percutes,
perdante,
perdants,
perduree,
perdurer,
perdures,
perennes,
perfides,
perfidie,
perforee,
perforer,
perfores,
perfusee,
perfuser,
perfuses,
perimees,
periodes,
periples,
permutee,
permuter,
permutes,
peroxyde,
perpetue,
perplexe,
perruche,
perruque,
personne,
persuade,
perturbe,
perverse,
perverti,
petanque,
petantes,
petarade,
petiller,
petrifie,
petrolee,
petroler,
petroles,
petunias,
peuplade,
peuplees,
peuplier,
phalange,
piailler,
pianiste,
pianotee,
pianoter,
pianotes,
picolees,
picorees,
pictural,
piegeurs,
piegeuse,
pietinee,
pietiner,
pietines,
pieuvres,
pigeonne,
pigmente,
pigments,
pillarde,
pillards,
pilonnee,
pilonner,
pilonnes,
pilosite,
pilotage,
pilotees,
pimbeche,
pimentee,
pimenter,
pimentes,
pimpante,
pimpants,
pinceaux,
pincette,
pingouin,
piochees,
piperade,
pipettes,
piquante,
piquants,
piquetee,
piqueter,
piquetes,
piquette,
piranhas,
piratage,
piratees,
piratent,
pirogues,
piscines,
pistache,
pitrerie,
pivoines,
pivotees,
pizzeria,
placages,
placarde,
placards,
placenta,
plafonne,
plagiste,
plaidees,
plaindre,
plaintes,
plaintif,
plancher,
planches,
plancton,
planetes,
planeurs,
planeuse,
planifie,
planning,
planquee,
planquer,
planques,
plaquage,
plaquees,
platines,
plâtrees,
pleuvoir,
pliantes,
plissees,
plombage,
plombees,
plombier,
plongees,
plongeon,
plongeur,
plumeaux,
pluriels,
pluviale,
pluvieux,
pochette,
poetique,
poetisee,
poetiser,
poetises,
poignant,
poignard,
poignees,
poignets,
poilante,
poilants,
pointage,
pointees,
pointues,
pointure,
poireaux,
poiriers,
poiroter,
poissons,
poitrail,
poitrine,
poivrees,
poivrier,
polaires,
polarise,
polarite,
policier,
polluees,
pollueur,
polochon,
pommades,
pommeaux,
pommette,
pommiers,
pompette,
pompiers,
pompiste,
ponceurs,
ponceuse,
ponction,
ponctuee,
ponctuel,
ponctuer,
ponctues,
ponderal,
ponderee,
ponderer,
ponderes,
porcelet,
portable,
portatif,
porteurs,
porteuse,
portiere,
portiers,
portions,
portique,
portrait,
positifs,
position,
positive,
possedee,
posseder,
possedes,
postales,
postiche,
postiere,
postiers,
postulee,
postuler,
postules,
postures,
potables,
potagers,
potassee,
potasser,
potasses,
potelees,
potences,
poubelle,
poudrees,
poudrier,
poulette,
pouliche,
pourpres,
pourvoir,
pourvues,
poussees,
poussoir,
prairies,
pralinee,
praliner,
pralines,
pralines,
pratique,
precaire,
precedee,
preceder,
precedes,
prechees,
precheur,
precisee,
preciser,
precises,
precoces,
preconcu,
precuire,
precuite,
precuits,
prefacee,
prefacer,
prefaces,
prefaces,
preferee,
preferer,
preferes,
prefixee,
prefixer,
prefixes,
prejugee,
prejuger,
prejuges,
prelasse,
prelavee,
prelaver,
prelaves,
prelevee,
prelever,
preleves,
preludes,
premices,
premiere,
premiers,
premisse,
premiums,
premunie,
premunir,
premunis,
prenante,
prenants,
prenatal,
preneurs,
preneuse,
prenomme,
preparee,
preparer,
prepares,
prepayee,
prepayer,
prepayes,
preposee,
preposer,
preposes,
prepuces,
presagee,
presager,
presages,
presbyte,
prescris,
presence,
presente,
presents,
preserve,
presidee,
presider,
presides,
pressage,
pressant,
pressees,
pressing,
pression,
pressoir,
prestige,
presumee,
presumer,
presumes,
pretendu,
preteurs,
preteuse,
pretexte,
prevenir,
prevente,
prevenue,
prevenus,
primaire,
primates,
primeurs,
primitif,
priorite,
privatif,
privaute,
proactif,
probable,
probante,
probants,
probleme,
proceder,
procedes,
proclame,
procreee,
procreer,
procrees,
procuree,
procurer,
procures,
prodigue,
produire,
produite,
produits,
profanee,
profaner,
profanes,
profanes,
proferee,
proferer,
proferes,
profiter,
profonde,
profonds,
prohibee,
prohiber,
prohibes,
projetee,
projeter,
projetes,
prolonge,
promenee,
promener,
promenes,
promesse,
promises,
prononce,
propagee,
propager,
propages,
prophete,
propices,
proposee,
proposer,
proposes,
prospect,
prospere,
prostate,
prostree,
prostres,
protegee,
proteger,
proteges,
proteine,
prouesse,
prouvees,
provenir,
provenue,
provenus,
proverbe,
province,
provoque,
prudence,
prudente,
prudents,
pruneaux,
prunelle,
pruniers,
puanteur,
pubertes,
publiees,
publique,
pucelage,
pucelles,
pucerons,
pudicite,
pudiques,
pugnaces,
puissant,
pulluler,
pulpeuse,
pulsions,
punaisee,
punaiser,
punaises,
punaises,
punition,
punitive,
purifiee,
purifier,
purifies,
puristes,
puritain,
pustules,
putrefie,
pyramide,
quadrant,
qualites,
quantite,
quarante,
quartier,
quatorze,
quelques,
quemande,
quenelle,
quenotte,
querelle,
question,
quietude,
quignons,
quittees,
quotient,
rabâchee,
rabâcher,
rabâches,
rabaisse,
rabattre,
rabattue,
rabattus,
rabotees,
raboteur,
rabougri,
raboutee,
rabouter,
raboutes,
rabrouee,
rabrouer,
rabroues,
racaille,
raccorde,
raccords,
rachetee,
racheter,
rachetes,
raciales,
racinees,
racismes,
racistes,
raclette,
racleurs,
racleuse,
raclures,
racolage,
racolees,
racoleur,
racontee,
raconter,
racontes,
racornie,
racornir,
racornis,
radiance,
radiante,
radiants,
radicale,
radicaux,
radieuse,
radotage,
radotees,
radoucie,
radoucir,
radoucis,
raffermi,
raffinee,
raffiner,
raffines,
raffolee,
raffoler,
raffoles,
raffutee,
raffuter,
raffutes,
rageuses,
ragondin,
raideurs,
raillees,
rainette,
rainuree,
rainurer,
rainures,
rainures,
raisonne,
rajeunie,
rajeunir,
rajeunis,
rajoutee,
rajouter,
rajoutes,
rajustee,
rajuster,
rajustes,
ralentie,
ralentir,
ralentis,
ralliees,
rallumee,
rallumer,
rallumes,
ramassee,
ramasser,
ramasses,
rambarde,
ramenees,
ramequin,
rameutee,
rameuter,
rameutes,
ramifiee,
ramifier,
ramifies,
ramollie,
ramollir,
ramollis,
ramonage,
ramonees,
ramoneur,
rampante,
rampants,
rancards,
rancœur,
rancunes,
ranimees,
rapatrie,
râpeuses,
rapidite,
rapiecee,
rapiecer,
rapieces,
rappelee,
rappeler,
rappeles,
rappeurs,
rappeuse,
rapporte,
rapports,
rapsodie,
raquette,
rarefiee,
rarefier,
rarefies,
rasantes,
rassuree,
rassurer,
rassures,
ratatine,
râtelees,
râteleur,
râtelier,
ratifiee,
ratifier,
ratifies,
rationne,
ratissee,
ratisser,
ratisses,
rattache,
rattrape,
raturage,
raturees,
ravagees,
ravageur,
ravalees,
raviolis,
ravisees,
ravivees,
rayonnee,
rayonner,
rayonnes,
reacteur,
reactifs,
reaction,
reactive,
readapte,
reajuste,
realisee,
realiser,
realises,
realisme,
realiste,
realites,
reamorce,
reanimee,
reanimer,
reanimes,
rearmees,
rebellee,
rebeller,
rebelles,
rebelles,
rebiquee,
rebiquer,
rebiques,
rebondie,
rebondir,
rebondis,
rebouche,
reboutee,
rebouter,
reboutes,
rebutees,
recadree,
recadrer,
recadres,
recelees,
recensee,
recenser,
recenses,
recentes,
recentre,
receptif,
recettes,
receveur,
recevoir,
rechapee,
rechaper,
rechapes,
recharge,
recharge,
rechuter,
recidive,
recidive,
recitees,
reclamee,
reclamer,
reclames,
reclouee,
reclouer,
recloues,
recolees,
recollee,
recoller,
recolles,
recoltee,
recolter,
recoltes,
recoltes,
reconnue,
reconnus,
recopiee,
recopier,
recopies,
recordee,
recorder,
recordes,
recoupee,
recouper,
recoupes,
recourbe,
recourir,
recourue,
recourus,
recousue,
recousus,
recrache,
recrutee,
recruter,
recrutes,
rectifie,
rectoral,
rectorat,
recueils,
recuites,
reculees,
recupere,
recurage,
recurent,
recusees,
recyclee,
recycler,
recycles,
redefini,
redigees,
redorees,
redouble,
redoutee,
redouter,
redoutes,
reduites,
reecrire,
reecrite,
reecrits,
reedifie,
reeditee,
reediter,
reedites,
reeduque,
reessaye,
reevalue,
refermee,
refermer,
refermes,
refilees,
refixees,
refletee,
refleter,
refletes,
reflexes,
refondee,
refonder,
refondes,
refondre,
refondue,
refondus,
reformee,
reformer,
reformes,
refoulee,
refouler,
refoules,
refrenee,
refrener,
refrenes,
refroidi,
refugiee,
refugier,
refugies,
refutees,
regagnee,
regagner,
regagnes,
regardee,
regarder,
regardes,
regarnie,
regarnir,
regarnis,
regional,
registre,
reglable,
reglages,
reglette,
reglisse,
regnante,
regnants,
regonfle,
regorger,
regrette,
regroupe,
regulees,
regulier,
reiteree,
reiterer,
reiteres,
rejetees,
rejetons,
rejugees,
relâchee,
relâcher,
relâches,
relancee,
relancer,
relances,
relatifs,
relation,
relative,
relevees,
relieurs,
relieuse,
religion,
relogees,
relookee,
relooker,
relookes,
reluquee,
reluquer,
reluques,
remâchee,
remâcher,
remâches,
remaniee,
remanier,
remanies,
remarque,
remarque,
remballe,
rembarre,
remedier,
remercie,
remettre,
remixees,
remodele,
remontee,
remonter,
remontes,
remorque,
remorque,
remotive,
remoulee,
remouler,
remoules,
remoulue,
remoulus,
remplace,
remporte,
renaitre,
rencheri,
rendormi,
renferme,
renfilee,
renfiler,
renfiles,
renflees,
renfloue,
renforce,
reniflee,
renifler,
renifles,
renommee,
renommer,
renommes,
renoncee,
renoncer,
renonces,
renouees,
renovees,
rentable,
renverse,
renvoyee,
renvoyer,
renvoyes,
repaires,
repandre,
repandue,
repandus,
reparees,
repartie,
repartir,
repartis,
repassee,
repasser,
repasses,
rependre,
rependue,
rependus,
repensee,
repenser,
repenses,
repentie,
repentir,
repentis,
repetees,
repeuple,
repiquee,
repiquer,
repiques,
replacee,
replacer,
replaces,
repliees,
repondre,
repondue,
repondus,
reponses,
reportee,
reporter,
reportes,
reposees,
reposoir,
repoudre,
reprimee,
reprimer,
reprimes,
reproche,
reproche,
reptiles,
repudiee,
repudier,
repudies,
repulsif,
reputees,
requetes,
rescapee,
rescaper,
rescapes,
reservee,
reserver,
reserves,
reserves,
resident,
residuel,
resignee,
resigner,
resignes,
resiliee,
resilier,
resilies,
resister,
resituee,
resituer,
resitues,
resonner,
resorbee,
resorber,
resorbes,
respecte,
respects,
respiree,
respirer,
respires,
resserre,
resservi,
ressorti,
ressorts,
restaure,
resumees,
resurgie,
resurgir,
resurgis,
retablie,
retablir,
retablis,
retaille,
retapees,
retardee,
retarder,
retardes,
retendre,
retendue,
retendus,
retentee,
retenter,
retentes,
retentir,
retenues,
retinien,
retombee,
retomber,
retombes,
retracee,
retracer,
retraces,
retracte,
retraits,
retrecie,
retrecir,
retrecis,
reunifie,
reunions,
reussite,
revanche,
revasser,
reveille,
revelees,
revendre,
revendue,
revendus,
reventes,
revenues,
reverdie,
reverdir,
reverdis,
revernie,
revernir,
revernis,
reversee,
reverser,
reverses,
revetues,
reveuses,
revision,
revisite,
revoltee,
revolter,
revoltes,
revoltes,
revolues,
revolver,
revoquee,
revoquer,
revoques,
revulsee,
revulser,
revulses,
revulsif,
richesse,
ricocher,
ricochet,
ridicule,
rigidite,
rigolote,
ringarde,
ringards,
ripostee,
riposter,
ripostes,
ripostes,
risquees,
rissolee,
rissoler,
rissoles,
rituelle,
rivalite,
riverain,
rivetees,
rivieres,
robotise,
rocheuse,
romancee,
romancer,
romances,
romances,
rombiere,
rondelle,
rondeurs,
ronflant,
roquette,
rotatifs,
rotation,
rotative,
rotondes,
rougeole,
rougeurs,
rouillee,
rouiller,
rouilles,
roulante,
roulants,
rouleaux,
roulotte,
rouquine,
rouquins,
routiers,
routines,
royaumes,
royautes,
rudesses,
rudiment,
rugosite,
rugueuse,
ruisseau,
rupestre,
ruptures,
rustique,
rythmees,
sabordee,
saborder,
sabordes,
sabotees,
saboteur,
saccadee,
saccader,
saccades,
saccades,
saccagee,
saccager,
saccages,
sacoches,
safranee,
safraner,
safranes,
sagesses,
saignant,
saignees,
saladier,
salaires,
salariee,
salarier,
salaries,
salsifis,
salubres,
sanction,
sandales,
sandwich,
sanglant,
sanglees,
sanglier,
sanglots,
sangsues,
sanguine,
sanguins,
sarcasme,
saturees,
saucisse,
saugrenu,
saumonee,
saumones,
sauvages,
sauveurs,
savantes,
savonnee,
savonner,
savonnes,
savouree,
savourer,
savoures,
savoyard,
scabreux,
scalpees,
scalpels,
scandale,
scandees,
scannees,
scanners,
scanneur,
scelerat,
scellage,
scellees,
scenario,
scenique,
sceptres,
sciences,
scolaire,
scoliose,
scotchee,
scotcher,
scotches,
scrupule,
scrutees,
sculptee,
sculpter,
sculptes,
secables,
secantes,
secateur,
sechoirs,
secondee,
seconder,
secondes,
secouees,
secourir,
secourue,
secourus,
secousse,
secretee,
secreter,
secretes,
sectaire,
secteurs,
sections,
securise,
securite,
sedatifs,
sedative,
seduites,
segmente,
segments,
seigneur,
sejourne,
selectee,
selecter,
selectes,
selectif,
sellette,
selliers,
semaines,
semelles,
semences,
semestre,
senateur,
sensible,
sensitif,
sensuels,
sentence,
senteurs,
sentiers,
separees,
septique,
sepulcre,
sequelle,
sequence,
sequoias,
serenade,
serenite,
serieuse,
seringue,
serments,
sermonne,
serpents,
serpette,
serrures,
serveurs,
serveuse,
services,
sexuelle,
siderees,
sifflees,
sifflets,
signalee,
signaler,
signales,
simulees,
sirotees,
skiables,
slovaque,
slovenes,
sobriete,
sociable,
sociales,
societal,
societes,
soignees,
soixante,
solistes,
solitude,
solstice,
solubles,
solution,
solvable,
solvants,
sommaire,
sommeils,
sommiers,
somnoler,
sondeurs,
sondeuse,
songeurs,
songeuse,
sonnerie,
sonnette,
sonorise,
sonorite,
sonotone,
sorciere,
sorciers,
sordides,
sornette,
souciees,
soucieux,
soucoupe,
soudaine,
soudains,
soudoyee,
soudoyer,
soudoyes,
soufflee,
souffler,
souffles,
soufflet,
souffrir,
souhaite,
souhaits,
souillee,
souiller,
souilles,
souillon,
soulagee,
soulager,
soulages,
soulevee,
soulever,
souleves,
souliers,
souligne,
soupcons,
soupesee,
soupeser,
soupeses,
soupirer,
souquees,
sourcils,
sourires,
sournois,
soutenir,
soutenue,
soutenus,
soutiree,
soutirer,
soutires,
souvenir,
souvenue,
souvenus,
soyeuses,
spacieux,
spatiale,
spatiaux,
spatules,
speciale,
speciaux,
specifie,
specimen,
spectres,
speculer,
spiralee,
spirales,
sponsors,
spontane,
sportifs,
sportive,
squameux,
squattee,
squatter,
squattes,
standing,
statuees,
statufie,
sterilet,
stimulee,
stimuler,
stimules,
stimulus,
stipulee,
stipuler,
stipules,
stockage,
stockees,
stressee,
stresser,
stresses,
strictes,
strident,
stupefie,
stupeurs,
stupides,
stylisee,
styliser,
stylises,
stylisme,
styliste,
sublimee,
sublimer,
sublimes,
sublimes,
submerge,
subtiles,
succeder,
sucettes,
sucotees,
sucrerie,
sucrette,
sucriere,
sucriers,
sudation,
sudistes,
suffixes,
suffoque,
suffrage,
suggeree,
suggerer,
suggeres,
suicidee,
suicider,
suicides,
suicides,
suintees,
suivante,
suivants,
sulfuree,
sulfurer,
sulfures,
sunnites,
superbes,
superflu,
suppleee,
suppleer,
supplees,
supplice,
suppliee,
supplier,
supplies,
supporte,
supports,
supposee,
supposer,
supposes,
supprime,
suppuree,
suppurer,
suppures,
supputee,
supputer,
supputes,
surcroit,
surdoses,
sureleve,
surfacee,
surfacer,
surfaces,
surfaces,
surfaire,
surfaite,
surfaits,
surfeurs,
surfeuse,
surgelee,
surgeler,
surgeles,
surmenee,
surmener,
surmenes,
surprise,
sursauts,
survenue,
survenus,
survivre,
survolee,
survoler,
survoles,
survolte,
suscitee,
susciter,
suscites,
suspecte,
suspecte,
suspects,
suspendu,
susurree,
susurrer,
susurres,
suturees,
syllabes,
symboles,
symetrie,
symptome,
synapses,
syncopes,
syndical,
syndicat,
syndique,
syndrome,
synopsis,
syntaxes,
synthese,
tabassee,
tabasser,
tabasses,
tablette,
tableurs,
tabliers,
tabouret,
tabulees,
tachetee,
tacheter,
tachetes,
tactiles,
tactique,
taillade,
taillage,
taillees,
tailleur,
talisman,
talochee,
talocher,
taloches,
talonnee,
talonner,
talonnes,
talquees,
tambours,
tamisees,
tangente,
tangents,
tangible,
tannerie,
tanneurs,
tanneuse,
tapageur,
tapantes,
tapenade,
tapettes,
tapotees,
taquinee,
taquiner,
taquines,
tardives,
tartinee,
tartiner,
tartines,
tartines,
tâtonner,
tatouage,
tatouees,
taulards,
tauliers,
taureaux,
teigneux,
teintees,
teinture,
temoigne,
temperee,
temperer,
temperes,
tempeter,
tempetes,
temporel,
tenables,
tenacite,
tenaille,
tendance,
terminal,
terminee,
terminer,
termines,
terminus,
termites,
ternaire,
terrains,
terrasse,
terreurs,
terreuse,
terrible,
terriens,
terrifie,
tetanies,
tetanise,
texturee,
texturer,
textures,
textures,
thalasso,
theoreme,
theories,
therapie,
thyroide,
tignasse,
timbrees,
timidite,
tiramisu,
tisonnee,
tisonner,
tisonnes,
titillee,
titiller,
titilles,
toitures,
tolerees,
tombales,
tombante,
tombants,
tombeaux,
tombeurs,
tombeuse,
tonalite,
tondeuse,
tonicite,
tonifiee,
tonifier,
tonifies,
tonnelle,
tonnerre,
tonsuree,
tonsurer,
tonsures,
tonsures,
torchons,
tordante,
tordants,
torgnole,
tornades,
torpille,
torpille,
torrefie,
torrents,
torrides,
torsadee,
torsader,
torsades,
torturee,
torturer,
tortures,
tortures,
totalite,
toupille,
tourisme,
touriste,
tourment,
tournage,
tournees,
tournoye,
tournure,
toxicite,
toxiques,
traceurs,
traceuse,
tractage,
tractees,
tracteur,
traction,
tractive,
traduire,
traduite,
traduits,
trafique,
tragedie,
tragique,
traineau,
trainees,
traitees,
traitres,
tramways,
tranchee,
trancher,
tranches,
tranches,
trapezes,
travesti,
trebuche,
treillis,
tremblee,
trembler,
trembles,
trempees,
trepigne,
tressage,
triangle,
tribords,
tribunal,
tribunes,
trichees,
tricotee,
tricoter,
tricotes,
trieuses,
trillees,
trilogie,
trinomes,
trinquer,
triomphe,
triplees,
tripotee,
tripoter,
tripotes,
trituree,
triturer,
tritures,
tromblon,
trombone,
trompees,
tronches,
tronquee,
tronquer,
tronques,
tropical,
tropique,
troquets,
trotteur,
trottine,
troublee,
troubler,
troubles,
trouille,
trousses,
trouvees,
truandee,
truander,
truandes,
trucidee,
trucider,
trucides,
truquage,
truquees,
tumefiee,
tumefier,
tumefies,
tumorale,
tumoraux,
tumultes,
tuniques,
turbines,
tutelles,
tutoyees,
tutrices,
tuyautee,
tuyauter,
tuyautes,
typiques,
vacances,
vacarmes,
vaccinee,
vacciner,
vaccines,
vachette,
vaciller,
vagabond,
vaginale,
vaginaux,
vaincues,
vaisseau,
valables,
validees,
valseurs,
valseuse,
valvules,
vanillee,
vanilles,
vanilles,
vaporeux,
vaporise,
variance,
variante,
varietes,
vegetale,
veillees,
veilleur,
veinarde,
veinards,
velleite,
velocite,
veloutee,
velouter,
veloutes,
veneneux,
venerees,
vengeurs,
venimeux,
venitien,
ventilee,
ventiler,
ventiles,
veracite,
verdicts,
verdoyer,
verglace,
vergogne,
verifiee,
verifier,
verifies,
vermoulu,
verrerie,
verriere,
verrines,
vertebre,
vertical,
vertiges,
vertueux,
verveine,
vestiges,
vetement,
veterans,
vibrante,
vibrants,
vicaires,
vicieuse,
vicomtes,
victimes,
victoire,
vidangee,
vidanger,
vidanges,
vieilles,
vieillie,
vieillir,
vieillis,
viennois,
vigilant,
vignette,
vignoble,
vigueurs,
villages,
vinaigre,
vinicole,
violacee,
violacer,
violaces,
violence,
violente,
violents,
virgules,
virilite,
virtuels,
virtuose,
visionne,
visitees,
visuelle,
vitamine,
vitesses,
viticole,
vitriers,
vitrifie,
vitrines,
vivifiee,
vivifier,
vivifies,
vocation,
vocifere,
voiliers,
voisines,
voitures,
volaille,
volantes,
volatile,
volontes,
voltiger,
voluptes,
vomitifs,
vomitive,
vouvoyee,
vouvoyer,
vouvoyes,
voyageur,
voyances,
voyantes,
voyelles,
vrillees,
vulgaire